model_key,split_mean_source_minus_pair,split_ci_low,split_ci_high,split_positive_fraction
gemma2_2b_base,0.3863156402137347,0.02770692299786607,0.6576839676683788,0.975
gemma2_2b_instruct,0.19112144188806782,-0.10826218103797569,0.57615554578053,0.825
olmo_1b_base,0.18339636304517484,0.08125160531792826,0.28174211653793196,1.0
qwen25_15b_base,0.11390513609983569,0.004782989587053777,0.3403023824514182,0.975
qwen25_15b_instruct,0.30751897557368446,-0.01097506180299006,0.5610299346322818,0.95
